{
  "model_name": "XGBoost",
  "cv_f1": 0.7228258274945851,
  "test_f1": 0.7184615384615385,
  "test_roc_auc": 0.8772099250397296
}