{
  "model_name": "Random Forest",
  "cv_f1": 0.6875308835070116,
  "test_f1": 0.6980244590780809,
  "test_roc_auc": 0.8564648986335733
}