{
  "model_name": "Random Forest",
  "cv_f1": 0.6904526352966392,
  "test_f1": 0.6961429915333961,
  "test_roc_auc": 0.8615947272573778
}